date,open,high,low,close,volume,oi
2004-08-25T00:00:00+05:30,147.54,147.54,120.5,121.6,136930976,0
2004-08-26T00:00:00+05:30,122.1,122.71,120.04,120.5,40443200,0
2004-08-27T00:00:00+05:30,120.92,120.92,117.98,118.49,30646000,0
2004-08-30T00:00:00+05:30,119.38,121.85,118.78,121.45,24465208,0
2004-08-31T00:00:00+05:30,121.42,121.85,120.13,121.62,21194656,0
2004-09-01T00:00:00+05:30,121.85,122.47,121.07,121.59,19935544,0
2004-09-02T00:00:00+05:30,121.84,123.65,121.36,122.3,21356352,0
2004-09-03T00:00:00+05:30,123.82,135.39,121.9,122.82,9869856,0
2004-09-06T00:00:00+05:30,127.99,127.99,122.21,122.45,9038672,0
2004-09-07T00:00:00+05:30,127.39,127.39,122.47,122.54,5772232,0
2004-09-08T00:00:00+05:30,122.59,123.18,121.99,122.31,6593984,0
2004-09-09T00:00:00+05:30,122.71,122.83,120.43,120.62,7947184,0
2004-09-10T00:00:00+05:30,121.85,121.85,120.13,121.71,6415072,0
2004-09-13T00:00:00+05:30,121.98,124.99,121.98,123.51,20904912,0
2004-09-14T00:00:00+05:30,123.7,125.4,123.45,125.01,15335472,0
2004-09-15T00:00:00+05:30,125.3,125.55,123.23,123.83,11988288,0
2004-09-16T00:00:00+05:30,123.95,124.93,123.39,124.12,7358224,0
2004-09-17T00:00:00+05:30,124.56,126.76,124.35,126.1,14627896,0
2004-09-20T00:00:00+05:30,127.07,127.63,125.56,125.9,8552224,0
2004-09-21T00:00:00+05:30,126.14,129.05,125.79,128.72,13897080,0
2004-09-22T00:00:00+05:30,129.04,129.98,127.65,129.49,15371584,0
2004-09-23T00:00:00+05:30,128.99,129.11,126.41,126.81,15819680,0
2004-09-24T00:00:00+05:30,126.67,128.01,126.28,126.63,8083208,0
2004-09-27T00:00:00+05:30,126.47,127.08,124.93,125.64,8229512,0
2004-09-28T00:00:00+05:30,125.05,126.46,124.62,125,6339416,0
2004-09-29T00:00:00+05:30,125.45,127.15,125.07,126.9,11737176,0
2004-09-30T00:00:00+05:30,127.47,128.12,125.63,126.42,12521432,0
2004-10-01T00:00:00+05:30,126.65,130.03,126.33,128.95,10968888,0
2004-10-04T00:00:00+05:30,130.1,133.05,129.79,132.5,15129824,0
2004-10-05T00:00:00+05:30,132.97,134.04,132.38,133.02,14341288,0
2004-10-06T00:00:00+05:30,133.05,135.74,132.32,133.13,17670664,0
2004-10-07T00:00:00+05:30,133.3,135.39,133.3,135.03,10080128,0
2004-10-08T00:00:00+05:30,135.15,136.75,134.78,135.15,8558920,0
2004-10-11T00:00:00+05:30,135.39,136.81,133.55,134.07,9332056,0
2004-10-12T00:00:00+05:30,136.62,137.24,132.64,133.48,15600512,0
2004-10-14T00:00:00+05:30,135.76,138.35,133.92,137.39,19225984,0
2004-10-15T00:00:00+05:30,138.06,140.44,137.51,138.59,17799744,0
2004-10-18T00:00:00+05:30,139.58,140.56,138.5,139.98,13693344,0
2004-10-19T00:00:00+05:30,140.33,141.39,139.83,140.71,11767128,0
2004-10-20T00:00:00+05:30,140.91,141.53,138.96,139.48,7206832,0
2004-10-21T00:00:00+05:30,139.98,140.19,138.1,138.54,6413520,0
2004-10-25T00:00:00+05:30,138.47,138.71,136.71,137.53,9390272,0
2004-10-26T00:00:00+05:30,137.31,140.43,137.31,139.97,6932760,0
2004-10-27T00:00:00+05:30,140.59,141.3,139.72,140.3,7837656,0
2004-10-28T00:00:00+05:30,140.93,144.6,140.93,143.51,18591416,0
2004-10-29T00:00:00+05:30,143.76,143.76,140.95,142.32,8661776,0
2004-11-01T00:00:00+05:30,141.55,144.56,140.6,144.09,6137568,0
2004-11-02T00:00:00+05:30,139.08,145.21,138.47,142.74,8864040,0
2004-11-03T00:00:00+05:30,142.9,145.73,142.9,144.65,8978136,0
2004-11-04T00:00:00+05:30,145.45,146.21,143.72,144.06,6555808,0
2004-11-05T00:00:00+05:30,144.49,145.24,142.78,143.45,5023848,0
2004-11-08T00:00:00+05:30,143.39,146.33,142.28,145.75,10291728,0
2004-11-09T00:00:00+05:30,146.1,147.44,144.87,146.27,7338712,0
2004-11-10T00:00:00+05:30,146.59,147.58,146.48,147,5734392,0
2004-11-11T00:00:00+05:30,147.58,148.12,146.6,147.24,5235128,0
2004-11-12T00:00:00+05:30,148.19,148.68,146.49,147.3,1813408,0
2004-11-16T00:00:00+05:30,147.45,147.45,145.73,146.58,4005504,0
2004-11-17T00:00:00+05:30,146.65,148.92,146.65,148.36,5467936,0
2004-11-18T00:00:00+05:30,148.86,151.95,148.5,151.52,7472128,0
2004-11-19T00:00:00+05:30,151.76,152.25,149.07,149.8,6812760,0
2004-11-22T00:00:00+05:30,148.66,150.9,147.08,150.46,4738272,0
2004-11-23T00:00:00+05:30,151.47,152.87,150.67,152.08,4312792,0
2004-11-24T00:00:00+05:30,152.5,153.24,151.41,151.87,3223304,0
2004-11-25T00:00:00+05:30,151.88,153.12,148.76,149.77,6310872,0
2004-11-29T00:00:00+05:30,149.67,153.57,148.38,153.1,5281488,0
2004-11-30T00:00:00+05:30,153.63,158.28,153.24,156.89,10508144,0
2004-12-01T00:00:00+05:30,157.67,157.67,154.72,155.28,8481864,0
2004-12-02T00:00:00+05:30,155.7,157.18,152.51,152.94,9657704,0
2004-12-03T00:00:00+05:30,153.76,154.58,150.35,152.22,9777216,0
2004-12-06T00:00:00+05:30,152.62,153.85,148.75,149.49,11473872,0
2004-12-07T00:00:00+05:30,149.67,151.75,149.55,149.95,7863224,0
2004-12-08T00:00:00+05:30,149.92,150.97,147.21,147.8,7329408,0
2004-12-09T00:00:00+05:30,148.31,149.79,148.3,149.11,3801224,0
2004-12-10T00:00:00+05:30,150.16,152.07,149.42,150.86,6216808,0
2004-12-13T00:00:00+05:30,150.9,152.83,150.81,152.15,4996232,0
2004-12-14T00:00:00+05:30,152.87,153.2,151.43,151.78,3083504,0
2004-12-15T00:00:00+05:30,153.12,154.44,152.38,153.3,5772672,0
2004-12-16T00:00:00+05:30,153.66,155.7,152.38,155.41,4350464,0
2004-12-17T00:00:00+05:30,155.08,156.91,154.11,154.65,5509752,0
2004-12-20T00:00:00+05:30,155.08,156.13,154.65,155.4,2268424,0
2004-12-21T00:00:00+05:30,155.69,157.18,155.47,156.65,3458512,0
2004-12-22T00:00:00+05:30,156.94,156.94,151.39,152.64,6001712,0
2004-12-23T00:00:00+05:30,153.57,153.57,150.78,151.13,3948912,0
2004-12-24T00:00:00+05:30,151.76,156.56,150.35,156.06,6661856,0
2004-12-27T00:00:00+05:30,156.32,158.16,155.36,156.38,4400504,0
2004-12-28T00:00:00+05:30,156.56,161.73,155.85,161.16,9614448,0
2004-12-29T00:00:00+05:30,162.09,164.55,161.63,162.5,6633224,0
2004-12-30T00:00:00+05:30,162.22,163.45,159,159.6,5626792,0
2004-12-31T00:00:00+05:30,160.01,164.78,159.6,164.37,4899312,0
2010-01-04T00:00:00+05:30,371.61,373.63,368.78,370.06,1963682,0
2010-01-05T00:00:00+05:30,371.71,373.95,367.55,370.16,2014488,0
2010-01-06T00:00:00+05:30,370.16,370.33,360.88,361.79,3349176,0
2010-01-07T00:00:00+05:30,362.11,364.03,350.05,351.72,6474892,0
2010-01-08T00:00:00+05:30,352.51,353.74,342.91,344.53,6048178,0
2010-01-11T00:00:00+05:30,346.6,354.53,344.83,351.62,4318408,0
2010-01-12T00:00:00+05:30,360.38,371.22,357.92,369.27,9027690,0
2010-01-13T00:00:00+05:30,366.78,392.09,366.61,388.22,10910272,0
2010-01-14T00:00:00+05:30,393.1,393.1,378.77,383.94,10327614,0
2010-01-15T00:00:00+05:30,391.89,393.67,380.2,389.63,7945008,0
2010-01-18T00:00:00+05:30,393.86,408.14,390.42,394.95,7261084,0
2010-01-19T00:00:00+05:30,394.95,394.95,383.35,384.36,5154850,0
2010-01-20T00:00:00+05:30,390.02,390.02,379.54,383.72,4347054,0
2010-01-21T00:00:00+05:30,380.2,389.9,378.06,379.41,5089504,0
2010-01-22T00:00:00+05:30,374.66,376.63,366.64,373.11,7574990,0
2010-01-25T00:00:00+05:30,372.94,376.88,364.89,372.3,3008286,0
2010-01-27T00:00:00+05:30,369.25,374.02,364.4,365.95,4844398,0
2010-01-28T00:00:00+05:30,369,373.16,358.27,365.18,6537196,0
2010-01-29T00:00:00+05:30,361.37,364.22,350.61,362.45,5473326,0
2010-02-01T00:00:00+05:30,361.54,375.55,354.48,367.35,3378012,0
2010-02-02T00:00:00+05:30,371.71,375.47,361.86,363.53,4739188,0
2010-02-03T00:00:00+05:30,366.29,372.64,362.11,370.7,2977676,0
2010-02-04T00:00:00+05:30,370.7,371.17,360.63,363.68,2716612,0
2010-02-05T00:00:00+05:30,361.86,361.86,352.8,356.2,4607118,0
2010-02-08T00:00:00+05:30,358.91,361.74,348.64,356.52,4170344,0
2010-02-09T00:00:00+05:30,356.94,365.28,354.99,361.93,3005894,0
2010-02-10T00:00:00+05:30,364.27,366.14,358.46,360.53,2337374,0
2010-02-11T00:00:00+05:30,363.31,368.24,361.86,365.65,2413156,0
2010-02-15T00:00:00+05:30,369.25,369.25,363.61,367.35,1956482,0
2010-02-16T00:00:00+05:30,367.89,376.61,365.41,373.26,1660490,0
2010-02-17T00:00:00+05:30,376.58,378.08,370.5,373.5,2528290,0
2010-02-18T00:00:00+05:30,374.17,377.59,371.95,373.58,1814806,0
2010-02-19T00:00:00+05:30,371.66,373.92,367.18,369.52,2215880,0
2010-02-22T00:00:00+05:30,372.69,375.99,371.12,372.82,2143460,0
2010-02-23T00:00:00+05:30,373.68,376.63,369.86,375.2,1853052,0
2010-02-24T00:00:00+05:30,372.2,379.44,370.28,376.8,4076058,0
2010-02-25T00:00:00+05:30,378.99,378.99,374.78,377.25,2672984,0
2010-02-26T00:00:00+05:30,377.66,383.3,367.35,375.06,3015934,0
2010-03-02T00:00:00+05:30,375.15,378.6,371.71,375.74,4053352,0
2010-03-03T00:00:00+05:30,378.6,381.06,376.21,378.48,2754742,0
2010-03-04T00:00:00+05:30,378.11,379.09,372.69,376.09,2053606,0
2010-03-05T00:00:00+05:30,376.63,377.59,374.24,375.45,1287312,0
2010-03-08T00:00:00+05:30,377.91,379.09,374.32,375.5,3015740,0
2010-03-09T00:00:00+05:30,375.65,383.28,375.65,378.45,3457732,0
2010-03-10T00:00:00+05:30,375.99,386.21,374.17,384.04,4587874,0
2010-03-11T00:00:00+05:30,384.04,391.35,380.05,389.73,3214030,0
2010-03-12T00:00:00+05:30,393.86,393.86,389.92,392.36,2510976,0
2010-03-15T00:00:00+05:30,392.36,403.71,389.51,402.72,6054434,0
2010-03-16T00:00:00+05:30,404.45,409.59,401.64,408.14,3088856,0
2010-03-17T00:00:00+05:30,410.6,416.46,408.63,413.9,4174794,0
2010-03-18T00:00:00+05:30,416.02,416.02,403.95,406.59,3724554,0
2010-03-19T00:00:00+05:30,396.45,410.82,396.45,404.15,4716624,0
2010-03-22T00:00:00+05:30,401.2,410.5,396.89,407.45,3310110,0
2010-03-23T00:00:00+05:30,408.63,410.11,404.74,407.97,1694964,0
2010-03-25T00:00:00+05:30,405.73,411.98,402.72,408.53,5517582,0
2010-03-26T00:00:00+05:30,408.63,411.59,404.84,406.19,1997806,0
2010-03-29T00:00:00+05:30,405.68,408.29,398.07,399.75,3443266,0
2010-03-30T00:00:00+05:30,398.1,401.79,392.46,393.86,3097160,0
2010-03-31T00:00:00+05:30,393.86,397.43,382.69,384.34,7083046,0
2010-04-01T00:00:00+05:30,387.14,398.69,385.05,397.7,5781432,0
2010-04-05T00:00:00+05:30,402.23,402.23,393.49,395.51,3001836,0
2010-04-06T00:00:00+05:30,398.24,398.24,390,391.92,3702366,0
2010-04-07T00:00:00+05:30,388.94,398.29,384.58,392.9,3024558,0
2010-04-08T00:00:00+05:30,391.89,397.55,388.94,393.59,4494438,0
2010-04-09T00:00:00+05:30,394.85,397.75,388.08,389.73,3018012,0
2010-04-12T00:00:00+05:30,389.43,393.86,388.99,392.93,2869882,0
2010-04-13T00:00:00+05:30,393.86,405.58,387.58,404.13,8404916,0
2010-04-15T00:00:00+05:30,404.69,411.04,403.24,404.55,4290952,0
2010-04-16T00:00:00+05:30,403.22,407.65,399.7,401.3,3810958,0
2010-04-19T00:00:00+05:30,398.79,406.17,394.23,399.75,6947704,0
2010-04-20T00:00:00+05:30,406.17,409.94,387.46,388.69,12016986,0
2010-04-21T00:00:00+05:30,391.4,393.37,384.14,386.48,7107490,0
2010-04-22T00:00:00+05:30,388.5,390.74,384.51,386.94,4751116,0
2010-04-23T00:00:00+05:30,387.98,389.92,382.78,384.11,4306068,0
2010-04-26T00:00:00+05:30,386.97,389.43,384.11,386.53,2512548,0
2010-04-27T00:00:00+05:30,386.94,388.89,384.53,387.61,2621234,0
2010-04-28T00:00:00+05:30,384.02,385.96,376.63,379.24,2400382,0
2010-04-29T00:00:00+05:30,381.6,381.68,372,374.05,4622964,0
2010-04-30T00:00:00+05:30,376.63,380.47,375.42,376.83,3690224,0
2010-05-03T00:00:00+05:30,374.78,379.78,371.26,377.52,2416560,0
2010-05-04T00:00:00+05:30,381.48,381.48,372.59,374.66,2896028,0
2010-05-05T00:00:00+05:30,369.25,378.11,364.4,377,4371230,0
2010-05-06T00:00:00+05:30,378.08,379.54,373.78,377.66,2580872,0
2010-05-07T00:00:00+05:30,372.69,375.45,361.86,365.01,4267152,0
2010-05-10T00:00:00+05:30,374.17,415.03,366.78,379.22,2327814,0
2010-05-11T00:00:00+05:30,381.55,383.52,371.17,372.35,1351288,0
2010-05-12T00:00:00+05:30,372.69,378.08,369.79,373.9,2740076,0
2010-05-13T00:00:00+05:30,376.68,380.67,374.88,376.93,1321452,0
2010-05-14T00:00:00+05:30,377.12,382.54,371.71,376.06,2026996,0
2010-05-17T00:00:00+05:30,381.53,381.53,361.42,367.15,3722050,0
2010-05-18T00:00:00+05:30,367.28,367.28,357.58,361.91,3199180,0
2010-05-19T00:00:00+05:30,359.4,360.88,352.65,355.21,3929266,0
2010-05-20T00:00:00+05:30,358.91,360.53,352.58,359.4,2398092,0
2010-05-21T00:00:00+05:30,349.55,357.38,337.37,353.84,2675092,0
2010-05-24T00:00:00+05:30,356.94,359.4,350.88,353.29,2885428,0
2010-05-25T00:00:00+05:30,348.57,351.52,340.47,344.41,2297366,0
2010-05-26T00:00:00+05:30,348.57,366.69,346.65,363.34,3689464,0
2010-05-27T00:00:00+05:30,361.86,369.22,358.02,365.23,6883872,0
2010-05-28T00:00:00+05:30,369.15,370.97,362.11,369.64,2479374,0
2010-05-31T00:00:00+05:30,368.51,370.67,363.34,365.82,3327660,0
2010-06-01T00:00:00+05:30,365.82,370.21,361.71,363.93,3136912,0
2010-06-02T00:00:00+05:30,363.24,373.92,362.5,371.34,2769330,0
2010-06-03T00:00:00+05:30,374.17,378.6,366.83,376.85,1684434,0
2010-06-04T00:00:00+05:30,376.85,378.94,371.81,376.8,1368210,0
2010-06-07T00:00:00+05:30,369.2,373.09,362.35,370.85,1734922,0
2010-06-08T00:00:00+05:30,371.22,375.15,367.77,369.34,2242222,0
2010-06-09T00:00:00+05:30,370.23,373.46,359.89,360.9,4867400,0
2010-06-10T00:00:00+05:30,359.4,370.72,359.4,369.49,1796036,0
2010-06-11T00:00:00+05:30,375.06,375.79,369.74,373.73,3237024,0
2010-06-14T00:00:00+05:30,375.82,387.51,373.18,384.51,3550492,0
2010-06-15T00:00:00+05:30,372.52,382.88,372.52,377.17,2642976,0
2010-06-16T00:00:00+05:30,382.59,383.99,377.76,381.46,2328816,0
2010-06-17T00:00:00+05:30,382.54,386.38,375.99,381.7,1528920,0
2010-06-18T00:00:00+05:30,381.7,388.4,380.2,385.59,2225672,0
2010-06-21T00:00:00+05:30,390.37,390.91,386.28,387.81,1907428,0
2010-06-22T00:00:00+05:30,386.48,387.22,380.72,383.35,1468324,0
2010-06-23T00:00:00+05:30,379.09,388.42,379.02,387.12,2959524,0
2010-06-24T00:00:00+05:30,387.12,388.2,377.96,380.79,3777510,0
2010-06-25T00:00:00+05:30,381.95,381.95,372.25,373.43,2037322,0
2010-06-28T00:00:00+05:30,373.41,377.69,372.99,376.51,1153124,0
2010-06-29T00:00:00+05:30,376.63,376.63,368.75,371.12,2614662,0
2010-06-30T00:00:00+05:30,371.71,374.12,364.94,369.74,3316516,0
2010-07-01T00:00:00+05:30,369.25,369.25,357.31,360.38,3407744,0
2010-07-02T00:00:00+05:30,361.76,367.28,359.82,366.19,2943550,0
2010-07-05T00:00:00+05:30,368.66,368.7,362.89,363.83,2165596,0
2010-07-06T00:00:00+05:30,362.6,375.1,362.28,373.75,2760904,0
2010-07-07T00:00:00+05:30,374.86,377.81,368.73,376.43,2152934,0
2010-07-08T00:00:00+05:30,380.08,383.52,378.92,382.44,2187564,0
2010-07-09T00:00:00+05:30,384.02,385.98,379.46,381.28,1836666,0
2010-07-12T00:00:00+05:30,383.92,390.91,383.92,389.78,2725776,0
2010-07-13T00:00:00+05:30,389.92,389.92,378.87,381.38,5545886,0
2010-07-14T00:00:00+05:30,383.03,386.33,379.22,381.38,2833842,0
2010-07-15T00:00:00+05:30,379.58,386.43,376.75,385.05,3795536,0
2010-07-16T00:00:00+05:30,391.4,412.82,391.4,410.43,19135452,0
2010-07-19T00:00:00+05:30,409.35,410.95,405.31,407.01,3027924,0
2010-07-20T00:00:00+05:30,407.01,410.87,406.17,407.28,2342062,0
2010-07-21T00:00:00+05:30,409.62,415.92,408.43,415.03,2943720,0
2010-07-22T00:00:00+05:30,415.03,416.51,409.86,415.38,1362882,0
2010-07-23T00:00:00+05:30,418.48,418.48,411.14,413.21,1894472,0
2010-07-26T00:00:00+05:30,414.74,419.27,413.75,418.11,2766490,0
2010-07-27T00:00:00+05:30,420.94,423.3,416.61,418.06,2106602,0
2010-07-28T00:00:00+05:30,418.97,422.39,417,420.67,4359228,0
2010-07-29T00:00:00+05:30,420.94,420.94,417.99,418.48,5331904,0
2010-07-30T00:00:00+05:30,417.99,418.48,411.09,413.46,1283426,0
2010-08-02T00:00:00+05:30,415.03,417.72,412.08,412.72,2827762,0
2010-08-03T00:00:00+05:30,414.05,415.77,407.92,409.64,1281552,0
2010-08-04T00:00:00+05:30,411.59,429.31,411.51,427.73,5583934,0
2010-08-05T00:00:00+05:30,429.31,434.43,426.18,432.19,2912950,0
2010-08-06T00:00:00+05:30,433.25,434.97,423.72,425.72,2437734,0
2010-08-09T00:00:00+05:30,423.97,435.07,416.56,433.17,4259986,0
2010-08-10T00:00:00+05:30,435.71,435.71,424.09,425.62,1545194,0
2010-08-11T00:00:00+05:30,424.39,429.8,420.84,422.49,4020248,0
2010-08-12T00:00:00+05:30,421.88,421.88,416.61,420.18,2278092,0
2010-08-13T00:00:00+05:30,421.92,424.83,412.57,420.64,2589906,0
2010-08-16T00:00:00+05:30,421.92,424.66,417.89,420.5,1319098,0
2010-08-17T00:00:00+05:30,418.53,423.89,415.52,418.58,1733196,0
2010-08-18T00:00:00+05:30,419.96,431.18,418.48,428.87,2888916,0
2010-08-19T00:00:00+05:30,430.29,433.69,427,429.33,2148534,0
2010-08-20T00:00:00+05:30,427.83,433.2,424.88,427.81,1746396,0
2010-08-23T00:00:00+05:30,423.4,431.01,421.95,428.52,1049830,0
2010-08-24T00:00:00+05:30,428.32,434.18,425.86,428.67,2650474,0
2010-08-25T00:00:00+05:30,429.31,433.99,426.5,428.92,2379968,0
2010-08-26T00:00:00+05:30,430.29,432.76,423.52,431.52,4204428,0
2010-08-27T00:00:00+05:30,429.36,429.8,418.97,421.46,1276514,0
2010-08-30T00:00:00+05:30,424.78,424.78,413.6,416.34,1558570,0
2010-08-31T00:00:00+05:30,413.56,417.35,408.73,415.4,2447874,0
2010-09-01T00:00:00+05:30,414.54,423.89,413.56,422.61,2745484,0
2010-09-02T00:00:00+05:30,427.09,427.09,414.29,415.57,2758800,0
2010-09-03T00:00:00+05:30,418.48,419.22,411.14,412.23,2777970,0
2010-09-06T00:00:00+05:30,412.57,422.17,412.57,421.11,2287978,0
2010-09-07T00:00:00+05:30,422.42,430.74,421.43,428.99,2484236,0
2010-09-08T00:00:00+05:30,425.37,434.68,422.86,432.78,4189478,0
2010-09-09T00:00:00+05:30,434.23,434.48,428.99,430.64,2938158,0
2010-09-13T00:00:00+05:30,428.99,437.68,428.67,433.12,2349410,0
2010-09-14T00:00:00+05:30,434.73,442.6,433.4,440.81,3071038,0
2010-09-15T00:00:00+05:30,443.09,452.65,442.6,450.38,5560394,0
2010-09-16T00:00:00+05:30,447.03,449.72,425.62,440.83,2334264,0
2010-09-17T00:00:00+05:30,443.14,452.33,443.14,449.89,3007978,0
2010-09-20T00:00:00+05:30,451.46,453.88,446.39,449.13,2419108,0
2010-09-21T00:00:00+05:30,449,471.65,448.17,469.66,4997184,0
2010-09-22T00:00:00+05:30,470.66,472.63,457.86,460.45,4031066,0
2010-09-23T00:00:00+05:30,462.79,465.4,456.78,458.53,3327236,0
2010-09-24T00:00:00+05:30,459.39,461.75,455.4,458.82,2738784,0
2010-09-27T00:00:00+05:30,460.33,463.5,453.93,456.68,3423290,0
2010-09-28T00:00:00+05:30,455.53,458.01,450.04,452.77,2521714,0
2010-09-29T00:00:00+05:30,455.4,461.43,450.43,453.11,3370194,0
2010-09-30T00:00:00+05:30,455.4,457.86,450.55,456.36,7560924,0
2010-10-01T00:00:00+05:30,456.39,475.59,453.93,473.42,3326156,0
2010-10-04T00:00:00+05:30,475.96,480.02,469.19,470.57,2140956,0
2010-10-05T00:00:00+05:30,467.71,475.56,465.82,467.83,2211664,0
2010-10-06T00:00:00+05:30,467.71,476.52,467.71,472.46,1838960,0
2010-10-07T00:00:00+05:30,472.63,475.59,462,467.12,1972940,0
2010-10-08T00:00:00+05:30,464.78,470.02,427.83,464.07,2695996,0
2010-10-11T00:00:00+05:30,464.07,469.66,457.4,463.23,3065370,0
2010-10-12T00:00:00+05:30,464.09,470.57,462.34,468.06,2608902,0
2010-10-13T00:00:00+05:30,470.64,491.19,467.27,488.81,5350604,0
2010-10-14T00:00:00+05:30,490.8,494.3,483.64,485.46,2949086,0
2010-10-15T00:00:00+05:30,491.83,497.74,465.25,467.86,5717798,0
2010-10-18T00:00:00+05:30,477.56,484.45,457.86,483.1,4480734,0
2010-10-19T00:00:00+05:30,483.47,486.12,474.65,476.45,2200912,0
2010-10-20T00:00:00+05:30,474.85,482.73,470.76,474.23,2206638,0
2010-10-21T00:00:00+05:30,479.55,489.3,477.56,485.53,3752354,0
2010-10-22T00:00:00+05:30,503.16,516.65,503.16,512.12,9610404,0
2010-10-25T00:00:00+05:30,513.5,528.24,510.64,525.29,5156316,0
2010-10-26T00:00:00+05:30,523.59,525.68,512.78,523.15,3507024,0
2010-10-27T00:00:00+05:30,521.87,525.21,513.77,516.06,2141382,0
2010-10-28T00:00:00+05:30,516.94,525.58,512.02,518.37,5255690,0
2010-10-29T00:00:00+05:30,521.87,521.87,507.59,518.37,2212398,0
2010-11-01T00:00:00+05:30,517.95,525.02,516.5,518.62,1147948,0
2010-11-02T00:00:00+05:30,519.4,521.87,513.84,516.67,1565778,0
2010-11-03T00:00:00+05:30,517.39,531.22,516.16,518.32,2217878,0
2010-11-04T00:00:00+05:30,522.85,531.02,522.6,526.37,1717440,0
2010-11-05T00:00:00+05:30,533.14,533.63,529.42,530.61,358966,0
2010-11-08T00:00:00+05:30,531.71,532.89,522.9,525.88,2248586,0
2010-11-09T00:00:00+05:30,528.71,540.92,526.05,537.18,3504086,0
2010-11-10T00:00:00+05:30,537.74,545.5,534.72,537.77,1540224,0
2010-11-11T00:00:00+05:30,536.64,536.64,521,524.21,1926096,0
2010-11-12T00:00:00+05:30,521.87,526.74,516.06,519.85,1802330,0
2010-11-15T00:00:00+05:30,524.33,531.64,518.42,524.82,1389396,0
2010-11-16T00:00:00+05:30,524.82,525.02,513.1,516.4,2178076,0
2010-11-18T00:00:00+05:30,527.77,527.77,512.02,513.4,2765160,0
2010-11-19T00:00:00+05:30,514.43,516.45,495.28,499.91,2172652,0
2010-11-22T00:00:00+05:30,500.2,513.5,497.99,511.58,2221236,0
2010-11-23T00:00:00+05:30,509.07,514.48,498.43,507.12,1684448,0
2010-11-24T00:00:00+05:30,504.64,509.31,491.81,494.67,3008608,0
2010-11-25T00:00:00+05:30,497.27,512.96,495.82,503.06,5855006,0
2010-11-26T00:00:00+05:30,504.64,518.91,504.64,515.59,3617826,0
2010-11-29T00:00:00+05:30,519.4,530.97,517.07,527.43,4518892,0
2010-11-30T00:00:00+05:30,522.11,534.69,518.47,529.74,4808408,0
2010-12-01T00:00:00+05:30,523.84,538.21,523.84,532.65,3776032,0
2010-12-02T00:00:00+05:30,537.13,541.17,529.28,539.49,4095716,0
2010-12-03T00:00:00+05:30,538.14,547.96,537.2,540.25,2030112,0
2010-12-06T00:00:00+05:30,541.56,546.48,539.25,542.4,1930954,0
2010-12-07T00:00:00+05:30,541.56,541.56,532.75,535.41,2158324,0
2010-12-08T00:00:00+05:30,537.1,538.09,527.41,531.29,1984132,0
2010-12-09T00:00:00+05:30,533.53,540.23,525.85,528.07,2579902,0
2010-12-10T00:00:00+05:30,525.31,533.61,520.39,529.2,2245624,0
2010-12-13T00:00:00+05:30,527.28,532.06,516.16,529.79,2115066,0
2010-12-14T00:00:00+05:30,528.37,536.44,523.91,532.18,2615340,0
2010-12-15T00:00:00+05:30,534.22,545.69,532.45,543.36,2572034,0
2010-12-16T00:00:00+05:30,545.99,563.22,543.6,561.6,4515704,0
2010-12-20T00:00:00+05:30,558.69,579.47,548.87,574.4,4514046,0
2010-12-21T00:00:00+05:30,575.53,577.13,568.14,571.49,2810642,0
2010-12-22T00:00:00+05:30,574.55,575.53,560.14,566.05,3186836,0
2010-12-23T00:00:00+05:30,566.18,570.88,557.36,561.25,2850924,0
2010-12-24T00:00:00+05:30,558.3,565.58,554.24,561.79,1624640,0
2010-12-27T00:00:00+05:30,563.71,570.83,560.37,561.84,1664936,0
2010-12-28T00:00:00+05:30,561.84,566.62,561.28,564.38,1012876,0
2010-12-29T00:00:00+05:30,565.68,572.08,564.72,569.6,1042370,0
2010-12-30T00:00:00+05:30,567.41,578.39,567.41,576.12,3845552,0
2010-12-31T00:00:00+05:30,577.25,580.95,571.99,573.88,1532980,0
